ID,Crime_Category
1,5
2,5
3,5
4,5
5,1
6,5
7,5
8,5
9,5
10,5
11,5
12,5
13,5
14,5
15,5
16,5
17,4
18,5
19,4
20,5
21,4
22,1
23,4
24,5
25,4
26,5
27,5
28,5
29,5
30,5
31,5
32,5
33,5
34,5
35,5
36,5
37,4
38,5
39,1
40,5
41,5
42,5
43,5
44,1
45,5
46,4
47,5
48,5
49,4
50,4
51,1
52,5
53,5
54,5
55,1
56,5
57,4
58,4
59,5
60,5
61,5
62,5
63,5
64,5
65,4
66,5
67,5
68,5
69,1
70,4
71,5
72,5
73,5
74,5
75,5
76,5
77,5
78,4
79,5
80,5
81,5
82,5
83,5
84,5
85,5
86,4
87,5
88,5
89,5
90,5
91,5
92,4
93,5
94,4
95,5
96,5
97,5
98,5
99,4
100,5
101,5
102,5
103,5
104,5
105,5
106,5
107,1
108,5
109,5
110,5
111,5
112,5
113,5
114,5
115,1
116,5
117,5
118,5
119,4
120,5
121,5
122,1
123,5
124,5
125,5
126,1
127,5
128,4
129,1
130,5
131,5
132,5
133,5
134,5
135,1
136,5
137,5
138,4
139,5
140,4
141,5
142,5
143,4
144,5
145,5
146,5
147,1
148,5
149,4
150,5
151,5
152,4
153,5
154,5
155,4
156,5
157,5
158,5
159,5
160,5
161,5
162,1
163,5
164,5
165,4
166,5
167,4
168,5
169,4
170,5
171,5
172,4
173,1
174,5
175,5
176,5
177,5
178,5
179,5
180,5
181,5
182,5
183,4
184,5
185,5
186,5
187,5
188,5
189,4
190,5
191,4
192,5
193,4
194,5
195,5
196,4
197,4
198,5
199,5
200,5
201,4
202,5
203,5
204,5
205,4
206,5
207,5
208,5
209,5
210,5
211,5
212,4
213,4
214,5
215,5
216,5
217,4
218,5
219,5
220,5
221,5
222,5
223,4
224,5
225,1
226,5
227,5
228,5
229,5
230,1
231,5
232,1
233,4
234,5
235,5
236,5
237,5
238,4
239,5
240,4
241,5
242,5
243,1
244,4
245,5
246,5
247,5
248,5
249,5
250,5
251,5
252,1
253,5
254,4
255,5
256,5
257,5
258,1
259,5
260,5
261,5
262,5
263,4
264,5
265,5
266,5
267,4
268,5
269,5
270,5
271,5
272,5
273,5
274,5
275,5
276,4
277,5
278,5
279,1
280,4
281,4
282,5
283,5
284,5
285,5
286,5
287,5
288,5
289,5
290,5
291,5
292,5
293,5
294,4
295,5
296,5
297,5
298,5
299,5
300,1
301,4
302,5
303,4
304,5
305,5
306,5
307,5
308,5
309,5
310,5
311,5
312,5
313,4
314,5
315,1
316,5
317,5
318,5
319,5
320,5
321,5
322,4
323,5
324,4
325,5
326,4
327,5
328,5
329,5
330,5
331,5
332,4
333,1
334,5
335,5
336,5
337,5
338,5
339,5
340,1
341,5
342,5
343,5
344,5
345,5
346,5
347,5
348,1
349,5
350,5
351,5
352,5
353,5
354,4
355,5
356,5
357,5
358,5
359,5
360,4
361,5
362,5
363,5
364,4
365,5
366,4
367,1
368,1
369,5
370,1
371,5
372,5
373,1
374,5
375,1
376,5
377,4
378,1
379,5
380,5
381,1
382,5
383,5
384,5
385,5
386,5
387,5
388,5
389,5
390,4
391,5
392,5
393,5
394,5
395,5
396,5
397,4
398,5
399,5
400,5
401,5
402,5
403,5
404,5
405,5
406,5
407,4
408,1
409,5
410,5
411,5
412,1
413,4
414,4
415,5
416,1
417,5
418,5
419,5
420,5
421,5
422,5
423,1
424,5
425,5
426,5
427,5
428,5
429,5
430,5
431,5
432,5
433,5
434,5
435,5
436,4
437,5
438,5
439,5
440,5
441,5
442,5
443,5
444,5
445,1
446,5
447,5
448,4
449,5
450,1
451,5
452,5
453,4
454,1
455,5
456,5
457,5
458,4
459,4
460,5
461,5
462,5
463,5
464,5
465,5
466,5
467,5
468,5
469,5
470,5
471,5
472,5
473,5
474,5
475,5
476,5
477,4
478,5
479,4
480,1
481,5
482,5
483,5
484,1
485,4
486,5
487,5
488,4
489,5
490,5
491,4
492,5
493,4
494,5
495,5
496,5
497,1
498,5
499,5
500,1
501,5
502,5
503,4
504,5
505,4
506,5
507,5
508,5
509,5
510,4
511,5
512,5
513,4
514,5
515,5
516,5
517,5
518,1
519,5
520,5
521,1
522,5
523,5
524,5
525,1
526,1
527,5
528,5
529,5
530,5
531,5
532,5
533,5
534,5
535,5
536,4
537,5
538,5
539,5
540,1
541,5
542,5
543,5
544,5
545,5
546,5
547,5
548,1
549,5
550,5
551,5
552,5
553,5
554,5
555,5
556,5
557,5
558,5
559,5
560,1
561,1
562,1
563,5
564,4
565,5
566,5
567,5
568,5
569,5
570,5
571,5
572,5
573,4
574,5
575,1
576,5
577,5
578,5
579,5
580,5
581,4
582,1
583,5
584,5
585,5
586,5
587,5
588,1
589,5
590,5
591,5
592,5
593,5
594,1
595,5
596,5
597,5
598,5
599,4
600,4
601,5
602,5
603,4
604,4
605,1
606,1
607,5
608,4
609,5
610,5
611,5
612,5
613,1
614,5
615,5
616,1
617,5
618,5
619,5
620,4
621,1
622,1
623,5
624,5
625,4
626,5
627,4
628,5
629,5
630,5
631,5
632,5
633,5
634,5
635,5
636,5
637,5
638,5
639,5
640,5
641,4
642,5
643,5
644,5
645,5
646,5
647,5
648,4
649,5
650,1
651,5
652,5
653,4
654,5
655,5
656,1
657,1
658,5
659,1
660,4
661,4
662,5
663,5
664,4
665,5
666,1
667,1
668,5
669,5
670,5
671,5
672,5
673,5
674,1
675,5
676,5
677,5
678,5
679,5
680,5
681,5
682,5
683,1
684,5
685,5
686,5
687,5
688,5
689,5
690,1
691,5
692,5
693,5
694,5
695,5
696,4
697,4
698,4
699,5
700,5
701,5
702,5
703,5
704,5
705,4
706,5
707,5
708,5
709,5
710,5
711,4
712,5
713,5
714,1
715,5
716,5
717,1
718,5
719,5
720,1
721,5
722,5
723,5
724,5
725,4
726,5
727,5
728,5
729,5
730,5
731,5
732,5
733,5
734,4
735,4
736,5
737,5
738,5
739,5
740,5
741,1
742,5
743,5
744,4
745,5
746,4
747,5
748,5
749,1
750,5
751,4
752,4
753,4
754,1
755,1
756,5
757,5
758,1
759,5
760,4
761,4
762,5
763,5
764,1
765,5
766,5
767,5
768,4
769,5
770,5
771,5
772,5
773,5
774,5
775,5
776,4
777,5
778,5
779,5
780,5
781,1
782,4
783,4
784,4
785,4
786,5
787,5
788,5
789,4
790,5
791,5
792,5
793,5
794,5
795,4
796,5
797,5
798,1
799,5
800,5
801,5
802,5
803,1
804,5
805,5
806,5
807,5
808,5
809,5
810,4
811,5
812,5
813,1
814,5
815,5
816,5
817,5
818,1
819,5
820,5
821,1
822,4
823,5
824,5
825,5
826,5
827,5
828,5
829,5
830,5
831,4
832,5
833,1
834,5
835,5
836,4
837,5
838,5
839,5
840,1
841,5
842,5
843,5
844,5
845,5
846,5
847,5
848,5
849,4
850,1
851,5
852,5
853,5
854,5
855,5
856,5
857,4
858,5
859,5
860,5
861,4
862,5
863,5
864,4
865,5
866,5
867,5
868,5
869,5
870,5
871,5
872,5
873,1
874,5
875,5
876,5
877,5
878,4
879,1
880,1
881,4
882,5
883,5
884,5
885,5
886,4
887,5
888,5
889,5
890,5
891,5
892,5
893,5
894,5
895,5
896,5
897,5
898,5
899,5
900,5
901,5
902,5
903,5
904,1
905,5
906,5
907,5
908,5
909,5
910,5
911,4
912,5
913,5
914,5
915,5
916,4
917,5
918,5
919,5
920,5
921,5
922,5
923,4
924,5
925,5
926,5
927,5
928,5
929,5
930,5
931,5
932,4
933,5
934,5
935,4
936,4
937,1
938,5
939,5
940,5
941,5
942,5
943,5
944,5
945,4
946,1
947,5
948,5
949,5
950,5
951,5
952,1
953,5
954,5
955,5
956,5
957,4
958,5
959,5
960,4
961,5
962,5
963,5
964,1
965,4
966,5
967,5
968,1
969,4
970,5
971,5
972,5
973,5
974,5
975,5
976,4
977,4
978,5
979,5
980,4
981,5
982,5
983,1
984,5
985,5
986,5
987,5
988,4
989,5
990,5
991,5
992,5
993,5
994,5
995,5
996,5
997,4
998,5
999,5
1000,5
1001,5
1002,5
1003,4
1004,5
1005,5
1006,5
1007,5
1008,5
1009,5
1010,5
1011,5
1012,5
1013,4
1014,5
1015,1
1016,4
1017,5
1018,5
1019,5
1020,5
1021,5
1022,5
1023,5
1024,5
1025,4
1026,5
1027,4
1028,5
1029,1
1030,5
1031,5
1032,5
1033,5
1034,5
1035,5
1036,5
1037,1
1038,1
1039,5
1040,5
1041,5
1042,5
1043,5
1044,5
1045,5
1046,4
1047,4
1048,5
1049,4
1050,5
1051,5
1052,5
1053,5
1054,5
1055,4
1056,5
1057,5
1058,5
1059,5
1060,5
1061,5
1062,4
1063,5
1064,1
1065,4
1066,4
1067,1
1068,5
1069,4
1070,5
1071,5
1072,5
1073,5
1074,5
1075,1
1076,5
1077,5
1078,1
1079,5
1080,5
1081,1
1082,5
1083,5
1084,4
1085,4
1086,5
1087,4
1088,5
1089,5
1090,5
1091,5
1092,5
1093,5
1094,5
1095,5
1096,1
1097,5
1098,5
1099,5
1100,5
1101,5
1102,5
1103,1
1104,4
1105,5
1106,5
1107,5
1108,5
1109,4
1110,5
1111,1
1112,4
1113,5
1114,5
1115,5
1116,5
1117,1
1118,5
1119,1
1120,5
1121,5
1122,5
1123,5
1124,1
1125,5
1126,5
1127,5
1128,5
1129,5
1130,5
1131,5
1132,5
1133,5
1134,4
1135,4
1136,5
1137,5
1138,5
1139,5
1140,5
1141,4
1142,5
1143,5
1144,5
1145,5
1146,5
1147,5
1148,5
1149,5
1150,5
1151,5
1152,4
1153,1
1154,1
1155,1
1156,5
1157,5
1158,5
1159,5
1160,5
1161,1
1162,5
1163,5
1164,5
1165,5
1166,5
1167,5
1168,5
1169,5
1170,4
1171,5
1172,5
1173,5
1174,4
1175,5
1176,5
1177,5
1178,5
1179,4
1180,5
1181,5
1182,1
1183,1
1184,5
1185,5
1186,5
1187,5
1188,5
1189,5
1190,5
1191,5
1192,5
1193,5
1194,5
1195,5
1196,5
1197,5
1198,5
1199,5
1200,5
1201,1
1202,4
1203,4
1204,4
1205,5
1206,5
1207,5
1208,4
1209,5
1210,5
1211,5
1212,5
1213,5
1214,5
1215,5
1216,1
1217,5
1218,5
1219,5
1220,4
1221,5
1222,4
1223,4
1224,5
1225,5
1226,5
1227,5
1228,5
1229,4
1230,5
1231,5
1232,1
1233,5
1234,4
1235,5
1236,5
1237,1
1238,4
1239,5
1240,5
1241,5
1242,4
1243,5
1244,4
1245,5
1246,1
1247,5
1248,5
1249,5
1250,5
1251,4
1252,5
1253,4
1254,1
1255,5
1256,5
1257,5
1258,5
1259,4
1260,5
1261,5
1262,1
1263,5
1264,4
1265,5
1266,1
1267,4
1268,5
1269,5
1270,4
1271,4
1272,1
1273,5
1274,5
1275,5
1276,5
1277,5
1278,5
1279,5
1280,5
1281,5
1282,4
1283,5
1284,5
1285,5
1286,5
1287,5
1288,5
1289,5
1290,1
1291,5
1292,5
1293,5
1294,5
1295,5
1296,5
1297,4
1298,5
1299,4
1300,5
1301,5
1302,1
1303,5
1304,4
1305,5
1306,5
1307,5
1308,5
1309,5
1310,1
1311,5
1312,5
1313,5
1314,5
1315,5
1316,5
1317,5
1318,5
1319,4
1320,5
1321,5
1322,4
1323,5
1324,4
1325,5
1326,5
1327,5
1328,4
1329,5
1330,5
1331,4
1332,5
1333,1
1334,1
1335,5
1336,5
1337,5
1338,5
1339,5
1340,5
1341,5
1342,1
1343,5
1344,4
1345,4
1346,4
1347,5
1348,5
1349,4
1350,5
1351,1
1352,5
1353,5
1354,5
1355,4
1356,5
1357,5
1358,4
1359,5
1360,5
1361,5
1362,5
1363,5
1364,5
1365,5
1366,5
1367,5
1368,4
1369,4
1370,5
1371,5
1372,5
1373,1
1374,4
1375,5
1376,5
1377,4
1378,5
1379,4
1380,5
1381,5
1382,5
1383,4
1384,4
1385,5
1386,5
1387,5
1388,5
1389,5
1390,5
1391,5
1392,5
1393,4
1394,1
1395,5
1396,5
1397,1
1398,4
1399,5
1400,1
1401,5
1402,5
1403,5
1404,4
1405,4
1406,5
1407,5
1408,4
1409,5
1410,5
1411,5
1412,5
1413,5
1414,5
1415,5
1416,5
1417,5
1418,5
1419,5
1420,5
1421,5
1422,5
1423,4
1424,1
1425,5
1426,4
1427,4
1428,5
1429,5
1430,5
1431,5
1432,5
1433,5
1434,5
1435,4
1436,1
1437,5
1438,5
1439,5
1440,4
1441,5
1442,4
1443,5
1444,5
1445,5
1446,5
1447,5
1448,5
1449,5
1450,1
1451,1
1452,4
1453,5
1454,5
1455,5
1456,5
1457,1
1458,4
1459,4
1460,5
1461,5
1462,5
1463,1
1464,1
1465,5
1466,5
1467,5
1468,5
1469,5
1470,5
1471,4
1472,5
1473,5
1474,5
1475,4
1476,5
1477,5
1478,4
1479,5
1480,5
1481,5
1482,5
1483,5
1484,1
1485,4
1486,4
1487,5
1488,5
1489,5
1490,5
1491,5
1492,5
1493,5
1494,5
1495,5
1496,5
1497,1
1498,5
1499,5
1500,4
1501,5
1502,4
1503,5
1504,4
1505,5
1506,5
1507,5
1508,5
1509,4
1510,5
1511,5
1512,5
1513,4
1514,5
1515,4
1516,5
1517,4
1518,5
1519,5
1520,5
1521,5
1522,5
1523,5
1524,5
1525,5
1526,5
1527,5
1528,5
1529,4
1530,5
1531,5
1532,5
1533,4
1534,5
1535,4
1536,1
1537,5
1538,5
1539,1
1540,4
1541,5
1542,5
1543,4
1544,5
1545,5
1546,5
1547,1
1548,5
1549,4
1550,5
1551,5
1552,5
1553,5
1554,5
1555,5
1556,5
1557,5
1558,5
1559,5
1560,4
1561,5
1562,5
1563,5
1564,4
1565,1
1566,1
1567,5
1568,5
1569,5
1570,5
1571,1
1572,5
1573,4
1574,4
1575,4
1576,5
1577,5
1578,5
1579,5
1580,5
1581,5
1582,4
1583,5
1584,5
1585,4
1586,4
1587,5
1588,1
1589,4
1590,4
1591,5
1592,5
1593,4
1594,5
1595,5
1596,5
1597,4
1598,5
1599,4
1600,5
1601,5
1602,5
1603,4
1604,5
1605,5
1606,5
1607,5
1608,5
1609,5
1610,5
1611,1
1612,5
1613,5
1614,4
1615,4
1616,5
1617,5
1618,5
1619,5
1620,4
1621,5
1622,5
1623,5
1624,5
1625,5
1626,4
1627,1
1628,5
1629,4
1630,4
1631,4
1632,5
1633,1
1634,5
1635,4
1636,5
1637,5
1638,5
1639,5
1640,4
1641,5
1642,1
1643,5
1644,1
1645,5
1646,5
1647,5
1648,1
1649,5
1650,5
1651,5
1652,5
1653,5
1654,5
1655,1
1656,5
1657,4
1658,5
1659,5
1660,5
1661,5
1662,5
1663,5
1664,5
1665,5
1666,5
1667,4
1668,4
1669,5
1670,5
1671,5
1672,5
1673,5
1674,5
1675,5
1676,5
1677,5
1678,5
1679,5
1680,5
1681,5
1682,4
1683,5
1684,5
1685,5
1686,5
1687,5
1688,5
1689,5
1690,5
1691,5
1692,1
1693,5
1694,5
1695,4
1696,5
1697,5
1698,5
1699,5
1700,5
1701,4
1702,4
1703,5
1704,5
1705,5
1706,5
1707,5
1708,5
1709,5
1710,5
1711,5
1712,4
1713,1
1714,5
1715,5
1716,5
1717,1
1718,5
1719,1
1720,5
1721,5
1722,5
1723,5
1724,5
1725,5
1726,4
1727,1
1728,1
1729,5
1730,5
1731,5
1732,5
1733,5
1734,5
1735,5
1736,5
1737,4
1738,5
1739,5
1740,4
1741,4
1742,5
1743,5
1744,5
1745,5
1746,5
1747,5
1748,5
1749,5
1750,1
1751,5
1752,5
1753,5
1754,5
1755,5
1756,5
1757,1
1758,5
1759,4
1760,5
1761,5
1762,4
1763,5
1764,5
1765,5
1766,5
1767,5
1768,5
1769,4
1770,4
1771,5
1772,5
1773,5
1774,4
1775,5
1776,5
1777,5
1778,5
1779,5
1780,5
1781,5
1782,4
1783,5
1784,1
1785,5
1786,5
1787,4
1788,1
1789,5
1790,5
1791,5
1792,5
1793,4
1794,5
1795,5
1796,4
1797,1
1798,5
1799,5
1800,5
1801,5
1802,5
1803,5
1804,5
1805,5
1806,5
1807,5
1808,4
1809,1
1810,5
1811,1
1812,5
1813,5
1814,5
1815,5
1816,5
1817,5
1818,5
1819,4
1820,5
1821,5
1822,5
1823,5
1824,5
1825,5
1826,5
1827,5
1828,1
1829,5
1830,5
1831,5
1832,5
1833,4
1834,4
1835,5
1836,5
1837,4
1838,5
1839,5
1840,5
1841,5
1842,1
1843,4
1844,4
1845,5
1846,4
1847,5
1848,5
1849,5
1850,5
1851,4
1852,5
1853,5
1854,5
1855,5
1856,1
1857,4
1858,5
1859,5
1860,5
1861,5
1862,5
1863,5
1864,5
1865,5
1866,4
1867,5
1868,5
1869,4
1870,1
1871,5
1872,5
1873,5
1874,1
1875,5
1876,5
1877,5
1878,4
1879,5
1880,5
1881,5
1882,1
1883,4
1884,5
1885,4
1886,1
1887,1
1888,4
1889,5
1890,5
1891,5
1892,5
1893,5
1894,5
1895,5
1896,5
1897,1
1898,1
1899,4
1900,1
1901,4
1902,4
1903,4
1904,5
1905,5
1906,5
1907,5
1908,5
1909,5
1910,5
1911,5
1912,5
1913,5
1914,4
1915,5
1916,5
1917,5
1918,5
1919,5
1920,5
1921,5
1922,5
1923,4
1924,5
1925,5
1926,5
1927,1
1928,5
1929,5
1930,5
1931,5
1932,5
1933,4
1934,5
1935,4
1936,5
1937,1
1938,5
1939,5
1940,5
1941,5
1942,5
1943,5
1944,5
1945,5
1946,5
1947,5
1948,4
1949,5
1950,5
1951,5
1952,1
1953,5
1954,5
1955,5
1956,5
1957,1
1958,5
1959,1
1960,5
1961,5
1962,5
1963,5
1964,5
1965,1
1966,5
1967,5
1968,4
1969,5
1970,1
1971,1
1972,5
1973,5
1974,5
1975,5
1976,5
1977,5
1978,4
1979,5
1980,5
1981,5
1982,5
1983,5
1984,1
1985,5
1986,4
1987,5
1988,5
1989,5
1990,5
1991,5
1992,1
1993,5
1994,5
1995,5
1996,5
1997,5
1998,5
1999,5
2000,4
2001,4
2002,5
2003,5
2004,5
2005,5
2006,4
2007,5
2008,5
2009,5
2010,5
2011,4
2012,5
2013,5
2014,5
2015,4
2016,4
2017,5
2018,5
2019,5
2020,5
2021,5
2022,1
2023,5
2024,5
2025,5
2026,5
2027,5
2028,1
2029,5
2030,5
2031,5
2032,5
2033,5
2034,5
2035,5
2036,4
2037,4
2038,5
2039,5
2040,1
2041,5
2042,5
2043,5
2044,5
2045,5
2046,5
2047,5
2048,5
2049,5
2050,4
2051,4
2052,5
2053,5
2054,4
2055,5
2056,5
2057,5
2058,1
2059,5
2060,5
2061,5
2062,5
2063,5
2064,5
2065,5
2066,5
2067,5
2068,5
2069,4
2070,5
2071,5
2072,5
2073,4
2074,5
2075,4
2076,4
2077,5
2078,5
2079,5
2080,5
2081,1
2082,5
2083,5
2084,5
2085,5
2086,5
2087,5
2088,5
2089,5
2090,4
2091,5
2092,5
2093,5
2094,4
2095,5
2096,5
2097,5
2098,5
2099,5
2100,4
2101,5
2102,1
2103,5
2104,4
2105,5
2106,5
2107,5
2108,5
2109,4
2110,5
2111,5
2112,5
2113,5
2114,4
2115,5
2116,4
2117,4
2118,5
2119,5
2120,1
2121,5
2122,5
2123,4
2124,5
2125,5
2126,5
2127,5
2128,5
2129,5
2130,5
2131,5
2132,5
2133,5
2134,5
2135,5
2136,4
2137,4
2138,5
2139,4
2140,5
2141,1
2142,1
2143,5
2144,5
2145,4
2146,5
2147,5
2148,5
2149,5
2150,5
2151,4
2152,1
2153,5
2154,5
2155,5
2156,5
2157,5
2158,5
2159,1
2160,5
2161,5
2162,1
2163,5
2164,4
2165,5
2166,5
2167,1
2168,4
2169,5
2170,5
2171,5
2172,4
2173,5
2174,5
2175,5
2176,4
2177,5
2178,5
2179,5
2180,5
2181,5
2182,5
2183,5
2184,4
2185,4
2186,1
2187,1
2188,5
2189,5
2190,5
2191,1
2192,5
2193,5
2194,5
2195,5
2196,4
2197,5
2198,4
2199,5
2200,5
2201,5
2202,5
2203,5
2204,4
2205,5
2206,4
2207,5
2208,5
2209,4
2210,4
2211,5
2212,5
2213,1
2214,5
2215,4
2216,5
2217,4
2218,5
2219,5
2220,1
2221,5
2222,5
2223,5
2224,5
2225,5
2226,5
2227,5
2228,4
2229,5
2230,5
2231,5
2232,5
2233,5
2234,4
2235,5
2236,5
2237,5
2238,5
2239,5
2240,4
2241,5
2242,5
2243,5
2244,5
2245,1
2246,5
2247,5
2248,4
2249,5
2250,5
2251,5
2252,5
2253,5
2254,5
2255,5
2256,5
2257,1
2258,5
2259,4
2260,5
2261,5
2262,5
2263,4
2264,5
2265,5
2266,4
2267,5
2268,5
2269,5
2270,5
2271,5
2272,4
2273,5
2274,5
2275,5
2276,4
2277,5
2278,5
2279,5
2280,4
2281,1
2282,4
2283,4
2284,5
2285,4
2286,4
2287,5
2288,4
2289,5
2290,4
2291,5
2292,5
2293,5
2294,5
2295,5
2296,5
2297,5
2298,4
2299,5
2300,5
2301,5
2302,5
2303,5
2304,5
2305,5
2306,5
2307,5
2308,5
2309,5
2310,1
2311,5
2312,5
2313,4
2314,5
2315,1
2316,5
2317,4
2318,5
2319,5
2320,5
2321,5
2322,5
2323,5
2324,4
2325,4
2326,5
2327,5
2328,5
2329,5
2330,4
2331,5
2332,5
2333,5
2334,5
2335,5
2336,5
2337,4
2338,1
2339,5
2340,5
2341,1
2342,5
2343,4
2344,5
2345,5
2346,4
2347,5
2348,5
2349,5
2350,5
2351,4
2352,5
2353,5
2354,5
2355,5
2356,5
2357,5
2358,5
2359,5
2360,5
2361,5
2362,4
2363,5
2364,5
2365,5
2366,5
2367,5
2368,5
2369,1
2370,5
2371,4
2372,5
2373,5
2374,1
2375,5
2376,5
2377,5
2378,5
2379,5
2380,5
2381,4
2382,5
2383,1
2384,4
2385,5
2386,4
2387,5
2388,5
2389,5
2390,5
2391,5
2392,5
2393,1
2394,5
2395,5
2396,1
2397,5
2398,4
2399,5
2400,5
2401,1
2402,4
2403,4
2404,4
2405,5
2406,1
2407,5
2408,1
2409,5
2410,4
2411,5
2412,5
2413,5
2414,5
2415,5
2416,5
2417,5
2418,5
2419,5
2420,5
2421,5
2422,5
2423,1
2424,5
2425,5
2426,5
2427,5
2428,4
2429,5
2430,5
2431,5
2432,5
2433,1
2434,5
2435,4
2436,1
2437,5
2438,5
2439,4
2440,5
2441,5
2442,5
2443,5
2444,5
2445,5
2446,1
2447,5
2448,5
2449,5
2450,5
2451,5
2452,5
2453,5
2454,4
2455,5
2456,1
2457,1
2458,5
2459,5
2460,4
2461,4
2462,5
2463,4
2464,5
2465,5
2466,5
2467,5
2468,1
2469,5
2470,5
2471,5
2472,5
2473,5
2474,5
2475,5
2476,5
2477,5
2478,5
2479,4
2480,5
2481,5
2482,4
2483,5
2484,4
2485,5
2486,5
2487,1
2488,4
2489,5
2490,5
2491,5
2492,5
2493,5
2494,5
2495,5
2496,5
2497,5
2498,5
2499,5
2500,4
2501,5
2502,5
2503,4
2504,5
2505,5
2506,5
2507,1
2508,5
2509,5
2510,4
2511,4
2512,5
2513,5
2514,5
2515,4
2516,5
2517,5
2518,5
2519,5
2520,5
2521,5
2522,5
2523,4
2524,5
2525,1
2526,5
2527,1
2528,5
2529,5
2530,5
2531,4
2532,1
2533,5
2534,4
2535,5
2536,5
2537,5
2538,5
2539,5
2540,5
2541,5
2542,5
2543,5
2544,5
2545,5
2546,5
2547,5
2548,5
2549,5
2550,5
2551,5
2552,5
2553,1
2554,4
2555,5
2556,1
2557,5
2558,5
2559,5
2560,5
2561,5
2562,5
2563,4
2564,5
2565,5
2566,5
2567,5
2568,5
2569,4
2570,5
2571,5
2572,1
2573,5
2574,5
2575,5
2576,1
2577,5
2578,5
2579,5
2580,1
2581,1
2582,5
2583,5
2584,5
2585,5
2586,5
2587,5
2588,5
2589,5
2590,5
2591,5
2592,5
2593,1
2594,4
2595,5
2596,5
2597,5
2598,5
2599,5
2600,5
2601,5
2602,4
2603,4
2604,1
2605,5
2606,5
2607,5
2608,5
2609,5
2610,4
2611,4
2612,5
2613,5
2614,5
2615,5
2616,4
2617,5
2618,5
2619,5
2620,5
2621,4
2622,5
2623,5
2624,4
2625,5
2626,4
2627,5
2628,5
2629,4
2630,4
2631,5
2632,4
2633,1
2634,5
2635,5
2636,4
2637,5
2638,5
2639,5
2640,1
2641,5
2642,5
2643,5
2644,5
2645,4
2646,5
2647,5
2648,5
2649,5
2650,4
2651,5
2652,5
2653,5
2654,5
2655,5
2656,5
2657,1
2658,1
2659,5
2660,5
2661,4
2662,5
2663,5
2664,5
2665,5
2666,5
2667,5
2668,5
2669,4
2670,5
2671,5
2672,5
2673,5
2674,5
2675,5
2676,1
2677,5
2678,4
2679,4
2680,5
2681,4
2682,5
2683,5
2684,1
2685,5
2686,5
2687,5
2688,5
2689,4
2690,5
2691,5
2692,1
2693,4
2694,5
2695,5
2696,4
2697,5
2698,5
2699,5
2700,5
2701,5
2702,5
2703,4
2704,5
2705,5
2706,4
2707,5
2708,5
2709,4
2710,5
2711,5
2712,5
2713,5
2714,5
2715,4
2716,1
2717,5
2718,5
2719,5
2720,5
2721,4
2722,5
2723,4
2724,5
2725,5
2726,4
2727,5
2728,1
2729,5
2730,5
2731,5
2732,5
2733,5
2734,4
2735,5
2736,5
2737,5
2738,5
2739,4
2740,5
2741,5
2742,4
2743,5
2744,4
2745,5
2746,5
2747,5
2748,5
2749,5
2750,5
2751,5
2752,5
2753,4
2754,5
2755,5
2756,4
2757,5
2758,4
2759,5
2760,5
2761,4
2762,5
2763,5
2764,5
2765,4
2766,1
2767,4
2768,5
2769,5
2770,5
2771,5
2772,5
2773,4
2774,5
2775,5
2776,5
2777,5
2778,5
2779,5
2780,1
2781,1
2782,5
2783,5
2784,5
2785,5
2786,1
2787,1
2788,5
2789,5
2790,5
2791,5
2792,4
2793,5
2794,4
2795,1
2796,5
2797,4
2798,4
2799,1
2800,5
2801,4
2802,4
2803,5
2804,5
2805,5
2806,5
2807,4
2808,5
2809,5
2810,5
2811,5
2812,5
2813,5
2814,4
2815,5
2816,5
2817,5
2818,5
2819,5
2820,5
2821,5
2822,5
2823,5
2824,5
2825,5
2826,4
2827,5
2828,5
2829,4
2830,5
2831,4
2832,5
2833,1
2834,1
2835,5
2836,5
2837,4
2838,5
2839,5
2840,1
2841,5
2842,5
2843,5
2844,5
2845,5
2846,1
2847,5
2848,1
2849,5
2850,5
2851,1
2852,4
2853,5
2854,5
2855,5
2856,5
2857,5
2858,5
2859,5
2860,5
2861,4
2862,5
2863,5
2864,4
2865,5
2866,5
2867,5
2868,5
2869,5
2870,5
2871,5
2872,5
2873,5
2874,5
2875,5
2876,5
2877,1
2878,5
2879,5
2880,4
2881,5
2882,5
2883,5
2884,5
2885,5
2886,5
2887,4
2888,5
2889,5
2890,5
2891,5
2892,5
2893,5
2894,1
2895,5
2896,1
2897,4
2898,5
2899,5
2900,5
2901,5
2902,5
2903,5
2904,5
2905,4
2906,5
2907,5
2908,5
2909,4
2910,5
2911,5
2912,5
2913,5
2914,4
2915,5
2916,5
2917,5
2918,5
2919,5
2920,4
2921,5
2922,5
2923,5
2924,5
2925,5
2926,5
2927,5
2928,4
2929,5
2930,5
2931,5
2932,4
2933,5
2934,5
2935,5
2936,4
2937,5
2938,5
2939,5
2940,5
2941,4
2942,5
2943,5
2944,5
2945,5
2946,5
2947,5
2948,5
2949,1
2950,1
2951,5
2952,4
2953,4
2954,5
2955,5
2956,4
2957,4
2958,5
2959,5
2960,5
2961,5
2962,5
2963,4
2964,4
2965,5
2966,5
2967,1
2968,5
2969,5
2970,4
2971,5
2972,5
2973,5
2974,5
2975,5
2976,5
2977,5
2978,5
2979,5
2980,4
2981,5
2982,5
2983,5
2984,4
2985,5
2986,1
2987,1
2988,4
2989,5
2990,5
2991,5
2992,5
2993,1
2994,5
2995,5
2996,5
2997,5
2998,5
2999,5
3000,5
3001,4
3002,5
3003,5
3004,5
3005,5
3006,1
3007,5
3008,5
3009,5
3010,1
3011,1
3012,5
3013,5
3014,5
3015,5
3016,1
3017,5
3018,5
3019,1
3020,5
3021,5
3022,5
3023,5
3024,4
3025,5
3026,5
3027,5
3028,5
3029,5
3030,5
3031,5
3032,5
3033,5
3034,5
3035,5
3036,5
3037,5
3038,5
3039,5
3040,5
3041,5
3042,5
3043,5
3044,5
3045,5
3046,5
3047,5
3048,5
3049,5
3050,5
3051,5
3052,5
3053,5
3054,4
3055,4
3056,5
3057,5
3058,5
3059,5
3060,4
3061,5
3062,5
3063,4
3064,5
3065,5
3066,5
3067,5
3068,5
3069,4
3070,1
3071,5
3072,5
3073,5
3074,5
3075,5
3076,5
3077,4
3078,5
3079,1
3080,5
3081,5
3082,4
3083,5
3084,1
3085,5
3086,5
3087,5
3088,5
3089,5
3090,5
3091,5
3092,5
3093,5
3094,1
3095,4
3096,5
3097,5
3098,5
3099,5
3100,5
3101,4
3102,5
3103,5
3104,1
3105,4
3106,4
3107,4
3108,1
3109,5
3110,4
3111,5
3112,1
3113,5
3114,4
3115,5
3116,5
3117,1
3118,4
3119,5
3120,5
3121,5
3122,5
3123,5
3124,1
3125,5
3126,5
3127,4
3128,5
3129,5
3130,5
3131,5
3132,5
3133,4
3134,5
3135,5
3136,5
3137,5
3138,5
3139,5
3140,4
3141,5
3142,5
3143,5
3144,4
3145,5
3146,5
3147,5
3148,5
3149,5
3150,4
3151,5
3152,5
3153,5
3154,5
3155,5
3156,5
3157,5
3158,5
3159,4
3160,5
3161,5
3162,5
3163,1
3164,5
3165,4
3166,5
3167,5
3168,5
3169,5
3170,5
3171,5
3172,5
3173,5
3174,1
3175,5
3176,5
3177,5
3178,5
3179,4
3180,5
3181,5
3182,5
3183,5
3184,5
3185,5
3186,5
3187,5
3188,5
3189,5
3190,5
3191,5
3192,5
3193,1
3194,5
3195,5
3196,4
3197,5
3198,4
3199,5
3200,5
3201,5
3202,5
3203,5
3204,4
3205,5
3206,1
3207,5
3208,5
3209,4
3210,5
3211,5
3212,5
3213,5
3214,5
3215,4
3216,5
3217,5
3218,5
3219,5
3220,5
3221,5
3222,5
3223,5
3224,5
3225,5
3226,5
3227,5
3228,5
3229,4
3230,4
3231,4
3232,5
3233,5
3234,5
3235,5
3236,1
3237,4
3238,5
3239,4
3240,5
3241,5
3242,5
3243,5
3244,5
3245,5
3246,5
3247,5
3248,5
3249,5
3250,4
3251,4
3252,4
3253,5
3254,5
3255,5
3256,1
3257,1
3258,5
3259,5
3260,4
3261,5
3262,5
3263,5
3264,5
3265,5
3266,5
3267,5
3268,5
3269,5
3270,4
3271,5
3272,4
3273,5
3274,5
3275,5
3276,5
3277,5
3278,5
3279,5
3280,5
3281,1
3282,5
3283,4
3284,1
3285,4
3286,5
3287,5
3288,5
3289,5
3290,5
3291,5
3292,5
3293,4
3294,4
3295,5
3296,5
3297,5
3298,5
3299,5
3300,5
3301,5
3302,5
3303,5
3304,5
3305,5
3306,5
3307,5
3308,5
3309,5
3310,5
3311,5
3312,1
3313,5
3314,5
3315,5
3316,5
3317,5
3318,4
3319,5
3320,1
3321,5
3322,4
3323,5
3324,4
3325,1
3326,5
3327,5
3328,5
3329,5
3330,4
3331,5
3332,5
3333,5
3334,5
3335,5
3336,5
3337,5
3338,4
3339,5
3340,5
3341,5
3342,5
3343,1
3344,5
3345,5
3346,5
3347,5
3348,5
3349,5
3350,5
3351,5
3352,5
3353,1
3354,5
3355,5
3356,5
3357,5
3358,1
3359,5
3360,5
3361,5
3362,4
3363,4
3364,4
3365,5
3366,5
3367,1
3368,4
3369,5
3370,5
3371,4
3372,5
3373,5
3374,4
3375,1
3376,5
3377,5
3378,5
3379,4
3380,5
3381,5
3382,1
3383,5
3384,4
3385,5
3386,4
3387,5
3388,5
3389,5
3390,5
3391,5
3392,5
3393,5
3394,5
3395,5
3396,5
3397,5
3398,4
3399,5
3400,4
3401,5
3402,5
3403,5
3404,5
3405,1
3406,5
3407,5
3408,5
3409,5
3410,4
3411,5
3412,5
3413,5
3414,4
3415,5
3416,1
3417,5
3418,4
3419,5
3420,5
3421,4
3422,5
3423,5
3424,5
3425,4
3426,5
3427,1
3428,5
3429,5
3430,5
3431,5
3432,5
3433,5
3434,5
3435,5
3436,4
3437,4
3438,4
3439,5
3440,5
3441,4
3442,5
3443,4
3444,4
3445,1
3446,5
3447,5
3448,5
3449,1
3450,5
3451,5
3452,1
3453,5
3454,1
3455,5
3456,5
3457,1
3458,1
3459,5
3460,5
3461,5
3462,5
3463,5
3464,5
3465,5
3466,5
3467,4
3468,5
3469,4
3470,5
3471,5
3472,4
3473,5
3474,5
3475,5
3476,5
3477,5
3478,4
3479,5
3480,5
3481,5
3482,5
3483,5
3484,4
3485,4
3486,5
3487,1
3488,4
3489,5
3490,5
3491,5
3492,5
3493,4
3494,5
3495,5
3496,5
3497,4
3498,5
3499,5
3500,5
3501,5
3502,5
3503,4
3504,5
3505,5
3506,4
3507,5
3508,4
3509,5
3510,4
3511,4
3512,5
3513,5
3514,5
3515,4
3516,5
3517,4
3518,5
3519,1
3520,5
3521,5
3522,5
3523,5
3524,1
3525,5
3526,4
3527,4
3528,5
3529,5
3530,5
3531,5
3532,5
3533,5
3534,5
3535,5
3536,5
3537,4
3538,5
3539,5
3540,5
3541,5
3542,5
3543,1
3544,5
3545,5
3546,5
3547,4
3548,1
3549,5
3550,1
3551,5
3552,1
3553,5
3554,5
3555,5
3556,5
3557,5
3558,5
3559,5
3560,5
3561,5
3562,4
3563,5
3564,5
3565,5
3566,5
3567,5
3568,5
3569,5
3570,5
3571,4
3572,5
3573,5
3574,4
3575,5
3576,5
3577,5
3578,5
3579,5
3580,5
3581,5
3582,5
3583,1
3584,1
3585,5
3586,5
3587,5
3588,5
3589,5
3590,5
3591,5
3592,5
3593,5
3594,5
3595,5
3596,4
3597,5
3598,5
3599,5
3600,5
3601,5
3602,5
3603,5
3604,4
3605,4
3606,5
3607,5
3608,4
3609,5
3610,5
3611,5
3612,5
3613,5
3614,5
3615,5
3616,5
3617,5
3618,5
3619,4
3620,5
3621,5
3622,5
3623,5
3624,4
3625,4
3626,5
3627,5
3628,5
3629,5
3630,1
3631,5
3632,1
3633,5
3634,4
3635,4
3636,1
3637,1
3638,5
3639,5
3640,4
3641,5
3642,5
3643,5
3644,5
3645,5
3646,4
3647,5
3648,1
3649,5
3650,5
3651,5
3652,4
3653,5
3654,4
3655,5
3656,5
3657,5
3658,4
3659,1
3660,5
3661,5
3662,5
3663,5
3664,5
3665,5
3666,5
3667,4
3668,5
3669,5
3670,4
3671,4
3672,5
3673,5
3674,1
3675,5
3676,4
3677,5
3678,5
3679,5
3680,5
3681,5
3682,5
3683,5
3684,5
3685,5
3686,5
3687,5
3688,5
3689,5
3690,5
3691,5
3692,5
3693,5
3694,1
3695,5
3696,5
3697,5
3698,5
3699,5
3700,5
3701,5
3702,4
3703,5
3704,5
3705,5
3706,5
3707,5
3708,5
3709,4
3710,1
3711,5
3712,5
3713,5
3714,5
3715,5
3716,5
3717,5
3718,5
3719,5
3720,5
3721,4
3722,5
3723,5
3724,4
3725,5
3726,5
3727,4
3728,5
3729,4
3730,5
3731,5
3732,5
3733,5
3734,1
3735,4
3736,5
3737,4
3738,5
3739,5
3740,4
3741,5
3742,5
3743,5
3744,5
3745,4
3746,5
3747,5
3748,0
3749,5
3750,5
3751,5
3752,5
3753,5
3754,1
3755,5
3756,5
3757,5
3758,4
3759,5
3760,1
3761,5
3762,5
3763,5
3764,4
3765,1
3766,5
3767,5
3768,5
3769,5
3770,4
3771,5
3772,5
3773,5
3774,5
3775,1
3776,5
3777,1
3778,4
3779,5
3780,5
3781,5
3782,5
3783,5
3784,5
3785,5
3786,5
3787,1
3788,5
3789,5
3790,4
3791,5
3792,5
3793,4
3794,5
3795,4
3796,5
3797,5
3798,5
3799,5
3800,5
3801,5
3802,5
3803,5
3804,5
3805,5
3806,5
3807,4
3808,4
3809,1
3810,5
3811,5
3812,5
3813,4
3814,5
3815,5
3816,5
3817,5
3818,4
3819,4
3820,5
3821,5
3822,5
3823,5
3824,5
3825,5
3826,5
3827,5
3828,5
3829,1
3830,5
3831,5
3832,5
3833,5
3834,1
3835,5
3836,4
3837,5
3838,5
3839,5
3840,1
3841,4
3842,5
3843,5
3844,5
3845,5
3846,5
3847,5
3848,5
3849,5
3850,5
3851,5
3852,5
3853,5
3854,5
3855,5
3856,5
3857,5
3858,4
3859,5
3860,1
3861,1
3862,4
3863,5
3864,1
3865,5
3866,5
3867,5
3868,5
3869,5
3870,5
3871,4
3872,5
3873,1
3874,5
3875,5
3876,5
3877,5
3878,5
3879,5
3880,4
3881,5
3882,5
3883,1
3884,5
3885,5
3886,4
3887,5
3888,5
3889,5
3890,5
3891,5
3892,5
3893,5
3894,5
3895,5
3896,4
3897,5
3898,5
3899,5
3900,5
3901,5
3902,5
3903,5
3904,5
3905,5
3906,5
3907,5
3908,5
3909,5
3910,5
3911,5
3912,5
3913,4
3914,5
3915,5
3916,5
3917,5
3918,5
3919,5
3920,5
3921,5
3922,5
3923,5
3924,5
3925,5
3926,4
3927,5
3928,5
3929,5
3930,1
3931,5
3932,5
3933,5
3934,5
3935,4
3936,5
3937,1
3938,4
3939,5
3940,4
3941,5
3942,5
3943,5
3944,1
3945,5
3946,5
3947,5
3948,5
3949,4
3950,5
3951,5
3952,4
3953,4
3954,4
3955,5
3956,5
3957,4
3958,5
3959,5
3960,5
3961,5
3962,5
3963,1
3964,5
3965,5
3966,4
3967,5
3968,5
3969,5
3970,5
3971,4
3972,5
3973,5
3974,4
3975,4
3976,5
3977,1
3978,5
3979,1
3980,5
3981,5
3982,5
3983,5
3984,5
3985,5
3986,5
3987,5
3988,5
3989,5
3990,5
3991,4
3992,5
3993,4
3994,5
3995,4
3996,5
3997,4
3998,5
3999,5
4000,5
4001,5
4002,5
4003,5
4004,5
4005,1
4006,5
4007,5
4008,5
4009,5
4010,1
4011,5
4012,5
4013,5
4014,5
4015,5
4016,5
4017,5
4018,4
4019,4
4020,5
4021,4
4022,5
4023,5
4024,5
4025,5
4026,5
4027,5
4028,4
4029,5
4030,1
4031,1
4032,5
4033,5
4034,5
4035,4
4036,5
4037,1
4038,5
4039,5
4040,4
4041,5
4042,5
4043,5
4044,4
4045,5
4046,1
4047,5
4048,5
4049,5
4050,5
4051,5
4052,5
4053,5
4054,5
4055,1
4056,5
4057,5
4058,5
4059,1
4060,5
4061,5
4062,5
4063,4
4064,5
4065,1
4066,4
4067,5
4068,5
4069,4
4070,5
4071,1
4072,5
4073,5
4074,4
4075,5
4076,5
4077,5
4078,5
4079,5
4080,1
4081,5
4082,5
4083,1
4084,1
4085,4
4086,5
4087,5
4088,5
4089,4
4090,5
4091,5
4092,4
4093,5
4094,1
4095,5
4096,5
4097,1
4098,5
4099,5
4100,5
4101,5
4102,5
4103,4
4104,5
4105,4
4106,5
4107,5
4108,5
4109,5
4110,5
4111,5
4112,4
4113,5
4114,5
4115,4
4116,1
4117,5
4118,5
4119,5
4120,5
4121,5
4122,5
4123,5
4124,5
4125,5
4126,5
4127,5
4128,5
4129,5
4130,5
4131,4
4132,5
4133,5
4134,5
4135,4
4136,5
4137,5
4138,1
4139,5
4140,5
4141,4
4142,5
4143,4
4144,5
4145,5
4146,4
4147,5
4148,5
4149,5
4150,5
4151,5
4152,5
4153,1
4154,5
4155,5
4156,5
4157,5
4158,5
4159,5
4160,5
4161,5
4162,4
4163,5
4164,5
4165,4
4166,5
4167,5
4168,5
4169,5
4170,5
4171,4
4172,5
4173,5
4174,5
4175,5
4176,5
4177,5
4178,4
4179,5
4180,5
4181,5
4182,4
4183,4
4184,5
4185,4
4186,5
4187,5
4188,5
4189,5
4190,1
4191,1
4192,5
4193,5
4194,5
4195,5
4196,5
4197,5
4198,5
4199,4
4200,5
4201,4
4202,5
4203,5
4204,5
4205,5
4206,4
4207,1
4208,5
4209,5
4210,4
4211,1
4212,5
4213,5
4214,4
4215,5
4216,5
4217,5
4218,4
4219,5
4220,5
4221,1
4222,5
4223,5
4224,5
4225,5
4226,5
4227,5
4228,4
4229,5
4230,1
4231,5
4232,4
4233,5
4234,5
4235,5
4236,5
4237,4
4238,4
4239,4
4240,5
4241,4
4242,5
4243,5
4244,5
4245,5
4246,5
4247,5
4248,5
4249,4
4250,5
4251,5
4252,5
4253,5
4254,5
4255,1
4256,5
4257,5
4258,5
4259,5
4260,4
4261,5
4262,5
4263,5
4264,5
4265,5
4266,5
4267,5
4268,5
4269,5
4270,4
4271,5
4272,5
4273,5
4274,4
4275,5
4276,5
4277,4
4278,5
4279,4
4280,5
4281,4
4282,5
4283,5
4284,5
4285,1
4286,5
4287,5
4288,4
4289,5
4290,5
4291,1
4292,5
4293,5
4294,5
4295,5
4296,5
4297,5
4298,5
4299,5
4300,5
4301,5
4302,5
4303,5
4304,5
4305,1
4306,5
4307,1
4308,5
4309,5
4310,5
4311,5
4312,5
4313,1
4314,5
4315,5
4316,5
4317,5
4318,4
4319,5
4320,5
4321,4
4322,5
4323,5
4324,5
4325,5
4326,5
4327,5
4328,5
4329,4
4330,5
4331,1
4332,5
4333,5
4334,5
4335,4
4336,1
4337,4
4338,5
4339,4
4340,5
4341,5
4342,5
4343,5
4344,1
4345,5
4346,5
4347,5
4348,5
4349,4
4350,5
4351,4
4352,5
4353,5
4354,1
4355,4
4356,1
4357,5
4358,5
4359,4
4360,5
4361,5
4362,4
4363,5
4364,5
4365,5
4366,5
4367,4
4368,4
4369,5
4370,5
4371,5
4372,4
4373,5
4374,5
4375,4
4376,5
4377,5
4378,5
4379,5
4380,4
4381,5
4382,5
4383,5
4384,5
4385,5
4386,5
4387,5
4388,5
4389,4
4390,5
4391,5
4392,5
4393,5
4394,5
4395,4
4396,5
4397,5
4398,5
4399,5
4400,5
4401,5
4402,5
4403,5
4404,5
4405,4
4406,5
4407,5
4408,4
4409,5
4410,5
4411,5
4412,5
4413,4
4414,5
4415,4
4416,4
4417,4
4418,5
4419,5
4420,4
4421,4
4422,1
4423,5
4424,4
4425,5
4426,5
4427,5
4428,5
4429,1
4430,5
4431,5
4432,4
4433,5
4434,5
4435,5
4436,5
4437,1
4438,5
4439,5
4440,5
4441,1
4442,4
4443,5
4444,5
4445,5
4446,5
4447,5
4448,5
4449,5
4450,5
4451,5
4452,1
4453,5
4454,5
4455,4
4456,1
4457,5
4458,5
4459,4
4460,5
4461,5
4462,4
4463,1
4464,5
4465,5
4466,4
4467,5
4468,5
4469,5
4470,4
4471,1
4472,5
4473,5
4474,4
4475,5
4476,5
4477,5
4478,1
4479,5
4480,4
4481,5
4482,5
4483,4
4484,1
4485,4
4486,5
4487,5
4488,5
4489,1
4490,5
4491,4
4492,5
4493,5
4494,1
4495,5
4496,4
4497,5
4498,5
4499,5
4500,5
4501,5
4502,4
4503,5
4504,4
4505,4
4506,5
4507,4
4508,5
4509,5
4510,4
4511,5
4512,5
4513,5
4514,1
4515,5
4516,5
4517,5
4518,4
4519,5
4520,5
4521,5
4522,5
4523,5
4524,5
4525,5
4526,5
4527,4
4528,5
4529,5
4530,5
4531,5
4532,4
4533,4
4534,5
4535,5
4536,4
4537,5
4538,5
4539,5
4540,4
4541,4
4542,5
4543,1
4544,4
4545,5
4546,4
4547,5
4548,4
4549,4
4550,5
4551,5
4552,5
4553,5
4554,5
4555,4
4556,5
4557,4
4558,5
4559,5
4560,5
4561,5
4562,4
4563,1
4564,5
4565,4
4566,4
4567,4
4568,5
4569,5
4570,5
4571,5
4572,5
4573,5
4574,4
4575,5
4576,5
4577,4
4578,5
4579,1
4580,5
4581,4
4582,5
4583,5
4584,5
4585,5
4586,5
4587,1
4588,1
4589,1
4590,5
4591,5
4592,5
4593,5
4594,5
4595,5
4596,4
4597,4
4598,5
4599,5
4600,5
4601,5
4602,4
4603,4
4604,4
4605,5
4606,5
4607,1
4608,5
4609,5
4610,5
4611,5
4612,5
4613,5
4614,4
4615,5
4616,5
4617,4
4618,4
4619,4
4620,4
4621,5
4622,1
4623,5
4624,4
4625,1
4626,1
4627,4
4628,5
4629,5
4630,4
4631,4
4632,5
4633,4
4634,5
4635,5
4636,5
4637,4
4638,5
4639,5
4640,4
4641,5
4642,5
4643,5
4644,4
4645,5
4646,5
4647,1
4648,5
4649,1
4650,5
4651,4
4652,5
4653,5
4654,1
4655,5
4656,5
4657,5
4658,5
4659,5
4660,4
4661,4
4662,1
4663,5
4664,5
4665,5
4666,5
4667,5
4668,4
4669,5
4670,5
4671,5
4672,5
4673,1
4674,5
4675,5
4676,5
4677,5
4678,5
4679,5
4680,5
4681,5
4682,4
4683,4
4684,5
4685,5
4686,5
4687,5
4688,5
4689,5
4690,4
4691,5
4692,4
4693,4
4694,5
4695,4
4696,4
4697,5
4698,5
4699,5
4700,5
4701,5
4702,5
4703,5
4704,5
4705,4
4706,5
4707,5
4708,4
4709,5
4710,1
4711,4
4712,5
4713,5
4714,5
4715,5
4716,5
4717,1
4718,4
4719,5
4720,5
4721,5
4722,5
4723,5
4724,5
4725,4
4726,1
4727,5
4728,4
4729,5
4730,5
4731,5
4732,5
4733,4
4734,4
4735,4
4736,5
4737,5
4738,5
4739,5
4740,5
4741,5
4742,5
4743,4
4744,1
4745,5
4746,4
4747,5
4748,5
4749,5
4750,5
4751,5
4752,5
4753,5
4754,4
4755,5
4756,4
4757,4
4758,4
4759,5
4760,5
4761,5
4762,5
4763,1
4764,1
4765,5
4766,5
4767,5
4768,5
4769,5
4770,5
4771,5
4772,5
4773,4
4774,4
4775,5
4776,5
4777,5
4778,5
4779,5
4780,5
4781,5
4782,4
4783,1
4784,4
4785,5
4786,5
4787,5
4788,5
4789,5
4790,1
4791,1
4792,5
4793,1
4794,4
4795,4
4796,4
4797,5
4798,5
4799,5
4800,5
4801,5
4802,5
4803,1
4804,5
4805,5
4806,1
4807,4
4808,4
4809,5
4810,5
4811,5
4812,5
4813,5
4814,5
4815,5
4816,5
4817,5
4818,5
4819,5
4820,5
4821,5
4822,4
4823,5
4824,5
4825,5
4826,4
4827,5
4828,4
4829,5
4830,5
4831,5
4832,5
4833,5
4834,5
4835,5
4836,4
4837,5
4838,5
4839,4
4840,5
4841,5
4842,5
4843,5
4844,5
4845,5
4846,5
4847,5
4848,5
4849,1
4850,1
4851,5
4852,5
4853,5
4854,5
4855,5
4856,1
4857,5
4858,5
4859,4
4860,5
4861,5
4862,5
4863,5
4864,5
4865,5
4866,4
4867,4
4868,4
4869,5
4870,5
4871,5
4872,5
4873,5
4874,4
4875,4
4876,4
4877,5
4878,1
4879,5
4880,5
4881,5
4882,5
4883,5
4884,5
4885,1
4886,5
4887,1
4888,5
4889,5
4890,5
4891,5
4892,5
4893,4
4894,5
4895,5
4896,5
4897,5
4898,5
4899,5
4900,4
4901,5
4902,5
4903,5
4904,4
4905,5
4906,5
4907,5
4908,5
4909,5
4910,5
4911,4
4912,5
4913,5
4914,5
4915,5
4916,5
4917,5
4918,5
4919,5
4920,5
4921,1
4922,4
4923,1
4924,1
4925,4
4926,1
4927,4
4928,5
4929,4
4930,5
4931,5
4932,4
4933,5
4934,5
4935,5
4936,5
4937,5
4938,1
4939,5
4940,5
4941,5
4942,5
4943,1
4944,5
4945,5
4946,1
4947,4
4948,5
4949,5
4950,5
4951,4
4952,5
4953,5
4954,5
4955,5
4956,5
4957,5
4958,5
4959,5
4960,5
4961,5
4962,5
4963,5
4964,5
4965,4
4966,5
4967,5
4968,5
4969,5
4970,5
4971,5
4972,5
4973,5
4974,5
4975,5
4976,5
4977,4
4978,5
4979,4
4980,5
4981,5
4982,1
4983,5
4984,5
4985,4
4986,5
4987,5
4988,5
4989,1
4990,5
4991,5
4992,5
4993,5
4994,5
4995,5
4996,5
4997,1
4998,5
4999,5
5000,4
